code,name,creation_date
1,Musician,2021-06-10
2,Petroleum engineer,2010-09-05
3,Sales promotion account executive,2017-05-12
4,Immunologist,2024-08-03
5,Materials engineer,2018-10-28
6,Engineering geologist,2017-08-23
7,Herbalist,2012-03-02
8,Chief of Staff,2019-05-08
9,Fitness centre manager,2024-11-18
10,Site engineer,2024-10-24
11,Town planner,2023-08-09
12,Insurance claims handler,2011-07-22
13,"Buyer, retail",2023-07-22
14,Lawyer,2017-02-25
15,Chiropractor,2015-05-19
16,Interpreter,2019-03-28
17,"Engineer, energy",2024-07-28
18,Publishing rights manager,2016-09-17
19,"Scientist, research (life sciences)",2013-12-24
20,Sports therapist,2023-10-24
21,Chief Financial Officer,2020-11-13
22,Oceanographer,2020-09-22
23,Accommodation manager,2019-04-02
24,"Lecturer, further education",2013-09-24
25,"Journalist, magazine",2020-08-17
26,Biomedical scientist,2012-12-08
27,Tax inspector,2013-05-25
28,Curator,2022-02-13
29,Product/process development scientist,2011-06-10
30,IT consultant,2023-03-14
31,Recruitment consultant,2011-09-16
32,Structural engineer,2014-06-09
33,Company secretary,2018-04-14
34,"Sound technician, broadcasting/film/video",2013-02-13
35,Toxicologist,2018-04-13
36,Holiday representative,2016-09-30
37,"Therapist, occupational",2022-01-15
38,Investment analyst,2018-09-15
39,Horticultural therapist,2012-10-30
40,"Embryologist, clinical",2010-07-26
41,Gaffer,2017-03-21
42,Chartered public finance accountant,2020-04-02
43,"Conservator, furniture",2023-03-23
44,Arboriculturist,2022-09-16
45,"Nurse, adult",2022-08-22
46,"Scientist, water quality",2014-03-17
47,Fashion designer,2022-10-25
48,Theme park manager,2022-06-14
49,Personnel officer,2018-10-08
50,"Production designer, theatre/television/film",2017-06-18
51,Marketing executive,2011-04-23
52,Video editor,2011-10-21
53,Theatre manager,2019-07-11
54,Energy manager,2013-09-19
55,Geoscientist,2011-10-30
56,English as a second language teacher,2015-08-27
57,"Doctor, hospital",2015-01-22
58,Biomedical engineer,2011-08-01
59,Dancer,2022-11-26
60,English as a foreign language teacher,2010-10-01
61,"Teacher, secondary school",2019-08-02
62,Social researcher,2019-02-08
63,Aid worker,2011-12-09
64,Energy engineer,2019-03-03
65,Teaching laboratory technician,2011-11-13
66,"Chemist, analytical",2015-08-16
67,Commercial art gallery manager,2010-08-14
68,Advertising copywriter,2012-12-28
69,Electrical engineer,2020-11-04
70,Quality manager,2013-03-25
71,"Biochemist, clinical",2024-02-16
72,Advice worker,2018-03-27
73,Web designer,2011-08-06
74,Building control surveyor,2013-05-20
75,Illustrator,2015-04-30
76,Education administrator,2010-12-27
77,"Psychologist, sport and exercise",2010-08-30
78,"Engineer, communications",2013-12-22
79,"Psychotherapist, dance movement",2022-08-25
80,"Teacher, early years/pre",2012-08-12
81,"Engineer, electronics",2024-07-27
82,Barrister,2021-11-26
83,"Designer, interior/spatial",2022-10-03
84,"Lighting technician, broadcasting/film/video",2018-01-05
85,Commercial/residential surveyor,2019-01-09
86,Private music teacher,2020-01-21
87,"Administrator, Civil Service",2017-02-23
88,Outdoor activities/education manager,2023-07-29
89,Rural practice surveyor,2023-11-02
90,Network engineer,2022-08-21
91,"Designer, exhibition/display",2018-06-25
92,"Administrator, charities/voluntary organisations",2016-12-10
93,Careers information officer,2015-02-10
94,Armed forces technical officer,2018-03-28
95,Control and instrumentation engineer,2013-09-03
96,Race relations officer,2015-05-10
97,Mechanical engineer,2018-12-05
98,Consulting civil engineer,2020-10-21
99,Patent examiner,2022-07-04
100,Catering manager,2010-02-04
